{"cameraMode":{"drawMode":0,"name":"Shaded","section":"Shading Mode"},"sceneLighting":true,"audioPlay":false,"sceneViewState":{"m_AlwaysRefresh":false,"showFog":true,"showSkybox":true,"showFlares":true,"showImageEffects":true,"showParticleSystems":true,"showVisualEffectGraphs":true,"m_FxEnabled":true},"in2DMode":false,"pivot":{"x":113.38290405273438,"y":15.975679397583008,"z":-54.597381591796878},"rotation":{"x":0.08269499987363816,"y":0.39708244800567629,"z":-0.03601609915494919,"w":0.9134831428527832},"size":86.6775131225586,"orthographic":false}