{"cameraMode":{"drawMode":0,"name":"Shaded","section":"Shading Mode"},"sceneLighting":true,"audioPlay":false,"sceneViewState":{"m_AlwaysRefresh":false,"showFog":true,"showSkybox":true,"showFlares":true,"showImageEffects":true,"showParticleSystems":true,"showVisualEffectGraphs":true,"m_FxEnabled":true},"in2DMode":false,"pivot":{"x":3.349010467529297,"y":-4.267093181610107,"z":-1.3352270126342774},"rotation":{"x":0.24267864227294923,"y":0.09493699669837952,"z":-0.023949123919010164,"w":0.9652884602546692},"size":2.598076105117798,"orthographic":false}