{"cameraMode":{"drawMode":0,"name":"Shaded","section":"Shading Mode"},"sceneLighting":true,"audioPlay":false,"sceneViewState":{"m_AlwaysRefresh":false,"showFog":true,"showSkybox":true,"showFlares":true,"showImageEffects":true,"showParticleSystems":true,"showVisualEffectGraphs":true,"m_FxEnabled":true},"in2DMode":false,"pivot":{"x":-8.280144691467286,"y":-9.650350570678711,"z":48.27603530883789},"rotation":{"x":0.09558591991662979,"y":-0.10909423232078552,"z":0.010523587465286255,"w":0.9893971681594849},"size":29.548965454101564,"orthographic":false}