{"cameraMode":{"drawMode":0,"name":"Shaded","section":"Shading Mode"},"sceneLighting":true,"audioPlay":false,"sceneViewState":{"m_AlwaysRefresh":false,"showFog":true,"showSkybox":true,"showFlares":true,"showImageEffects":true,"showParticleSystems":true,"showVisualEffectGraphs":true,"m_FxEnabled":true},"in2DMode":false,"pivot":{"x":157.0165557861328,"y":-11.793109893798829,"z":10.417581558227539},"rotation":{"x":0.17860686779022218,"y":-0.0887346863746643,"z":0.016178904101252557,"w":0.9797998070716858},"size":30.533245086669923,"orthographic":false}