{"cameraMode":{"drawMode":0,"name":"Shaded","section":"Shading Mode"},"sceneLighting":false,"audioPlay":false,"sceneViewState":{"m_AlwaysRefresh":false,"showFog":true,"showSkybox":false,"showFlares":true,"showImageEffects":true,"showParticleSystems":true,"showVisualEffectGraphs":true,"m_FxEnabled":true},"in2DMode":false,"pivot":{"x":93.0220947265625,"y":-10.683550834655762,"z":44.085426330566409},"rotation":{"x":-0.08719798922538758,"y":0.010499496944248677,"z":-0.0009940789313986898,"w":-0.9961802959442139},"size":40.710411071777347,"orthographic":false}