{"cameraMode":{"drawMode":0,"name":"Shaded","section":"Shading Mode"},"sceneLighting":false,"audioPlay":false,"sceneViewState":{"m_AlwaysRefresh":false,"showFog":true,"showSkybox":false,"showFlares":true,"showImageEffects":true,"showParticleSystems":true,"showVisualEffectGraphs":true,"m_FxEnabled":true},"in2DMode":false,"pivot":{"x":49.14468765258789,"y":16.618478775024415,"z":12.407302856445313},"rotation":{"x":-0.019673392176628114,"y":0.11377998441457749,"z":-0.0023249262012541296,"w":-0.993354082107544},"size":34.41610336303711,"orthographic":false}