{"cameraMode":{"drawMode":0,"name":"Shaded","section":"Shading Mode"},"sceneLighting":false,"audioPlay":false,"sceneViewState":{"m_AlwaysRefresh":false,"showFog":true,"showSkybox":false,"showFlares":true,"showImageEffects":true,"showParticleSystems":true,"showVisualEffectGraphs":true,"m_FxEnabled":true},"in2DMode":false,"pivot":{"x":62.207698822021487,"y":-28.98540496826172,"z":29.546533584594728},"rotation":{"x":-0.06456631422042847,"y":0.07780250906944275,"z":-0.005096823442727327,"w":-0.9949037432670593},"size":26.340099334716798,"orthographic":false}