{"cameraMode":{"drawMode":0,"name":"Shaded","section":"Shading Mode"},"sceneLighting":false,"audioPlay":false,"sceneViewState":{"m_AlwaysRefresh":false,"showFog":true,"showSkybox":false,"showFlares":true,"showImageEffects":true,"showParticleSystems":true,"showVisualEffectGraphs":true,"m_FxEnabled":true},"in2DMode":false,"pivot":{"x":56.613304138183597,"y":-17.409536361694337,"z":23.806278228759767},"rotation":{"x":-0.02209397219121456,"y":0.24642349779605866,"z":-0.005665667820721865,"w":-0.9689351320266724},"size":26.340099334716798,"orthographic":false}