{"cameraMode":{"drawMode":0,"name":"Shaded","section":"Shading Mode"},"sceneLighting":false,"audioPlay":false,"sceneViewState":{"m_AlwaysRefresh":false,"showFog":true,"showSkybox":false,"showFlares":true,"showImageEffects":true,"showParticleSystems":true,"showVisualEffectGraphs":true,"m_FxEnabled":true},"in2DMode":false,"pivot":{"x":92.10929870605469,"y":-17.994291305541993,"z":-1.0055389404296876},"rotation":{"x":-0.10344960540533066,"y":0.05819906294345856,"z":-0.006118288729339838,"w":-0.992971658706665},"size":34.196144104003909,"orthographic":false}