{"cameraMode":{"drawMode":0,"name":"Shaded","section":"Shading Mode"},"sceneLighting":false,"audioPlay":false,"sceneViewState":{"m_AlwaysRefresh":false,"showFog":true,"showSkybox":false,"showFlares":true,"showImageEffects":true,"showParticleSystems":true,"showVisualEffectGraphs":true,"m_FxEnabled":true},"in2DMode":false,"pivot":{"x":47.94877624511719,"y":1.0681575536727906,"z":61.23130798339844},"rotation":{"x":-0.019652388989925386,"y":0.3843318223953247,"z":-0.008241440169513226,"w":-0.9230245351791382},"size":21.267749786376954,"orthographic":false}